SIZE,VICTIM,CRIME,TIME,PLACE,MOTIVE,WEAPON,BANDIT
2,WORM CREW,POLLHST,DAWNTIME,SAHARA,BUBGOAL,NOODWHIP,FROGKNG
3,FOXFORCE,BONKBONK,COSMEVE,ATOMTOWN,CLDRNT,SPDSTICK,MOSSMNK
8,BEE BROZ,JOKEROB,SHADE SHF,FOREST,TURFPRID,STASLNG V,MUNKMAN
2,FROG FAM,LEAFLIFT,CLDCLOCK,PACIFIC,BREWQEST,BUBBLADE,DUCKUVON
3,GOAT GANG,BONKBONK,SOLRSNAP,UNXDEZ,SANDFEUD,FOAMGUN,JOKER JO
7,QUAIL Q,HAT HUVL,CLDCLOCK,EVEREST,TURFPRID,CLDHAMR,FROGKNG
3,FOXFORCE,CHEESEGRB,EARTHHR,ION CORE,BUBGOAL,SNDSABER,BEARBARD
7,GOAT GANG,POLLHST,WNDWATCH,COMETCLF,TIMEGAIN,SNDSABER,CRABDUD
4,OWL GANG,LEAFLIFT,NIGHTRUN,FOREST,TIMEGAIN,ICEBOMB,BUNYBRV
2,COWCLAN X,LEAFLIFT,COSMEVE,FOREST,BUBGOAL,SNDSABER,YAK KIDX
8,GOAT GANG,JOKEROB,DUSKRUN,COMETCLF,CHEELUST,STASLNG V,MOSSMNK
3,COWCLAN X,SOUPSTL,STAR TIME,COMETCLF,BREWQEST,MUDMISS,BEARBARD
5,DUCK DIVZ,JOKEROB,CLDCLOCK,JUPITER,CLDRNT,CLDHAMR,DUCKUVON
7,COWCLAN X,HAT HUVL,MIDDAY,MARSDUNE,CLDRNT,SPDSTICK,FROGKNG
9,SLUG SQUAD,POLLHST,EARTHHR,NOVANEST,FOAMQEST,WNDWAND,FROGKNG
5,FOXFORCE,CLDCRIME,COSMEVE,SPACE 99,SNCKNEED,LEAFLNC,SLIMEBOT
7,GOAT GANG,NAPUNAB,DUSKRUN,ION CORE,STARDUTY,MUDMISS,GOATGAL J
0,ANT ARMY,BUBTHEFT,SOLRSNAP,COMETCLF,SANDFEUD,ICEBOMB,GOATGAL J
2,DUCK DIVZ,POLLHST,COSMEVE,JUPITER,CLDRNT,CLDHAMR,FOXXX AD
0,QUAIL Q,NAPUNAB,EARTHHR,DEEPPIT X,BREWQEST,STASLNG V,MOSSMNK
3,RATPACKX,JOKEROB,MOONHOUR,ION CORE,BREWQEST,BUBBLADE,DUCKUVON
4,GOAT GANG,BONKBONK,STAR TIME,GALAGATE,SNCKNEED,ICEBOMB,BEARBARD
0,FOXFORCE,CHEESEGRB,WNDWATCH,EVEREST,TURFPRID,GLOOPRAY,ANTKNIT
2,RATPACKX,SANDSWIPE,EARTHHR,SPACE 99,STARDUTY,MEGAMOP,FOXXX AD
2,MUDCREW,SANDSWIPE,NIGHTRUN,SAHARA,FUN FUND,WNDWAND,MUNKMAN
2,MUDCREW,BONKBONK,EARTHHR,LUNARPIT,STARDUTY,GLOOPRAY,BUNYBRV
7,FROG FAM,NAPUNAB,TIDETURN,MARSDUNE,SNCKNEED,FOAMGUN,SLIMEBOT
1,OWL GANG,BUBTHEFT,WNDWATCH,LUNARPIT,SNCKNEED,BUBBLADE,GOATGAL J
4,RATPACKX,SANDSWIPE,SHADE SHF,COMETCLF,MOONDEBT,BUBBLADE,MUNKMAN
0,FROG FAM,CLDCRIME,SHADE SHF,FOREST,RAGEWHY,SPDSTICK,GOATGAL J
1,COWCLAN X,STARZWIP,CLDCLOCK,SAHARA,STARDUTY,BANANAZ,FROGKNG
4,DUCK DIVZ,BARK X BG,MIDDAY,ATOMTOWN,SANDFEUD,STASLNG V,SLUGLORD
5,SLUG SQUAD,HAT HUVL,MOONHOUR,JUPITER,TIMEGAIN,CLDHAMR,FROGKNG
4,MUDCREW,CHEESEGRB,EARTHHR,SPACE 99,BREWQEST,FOAMGUN,SLUGLORD
9,OWL GANG,EGGJSNCH,NIGHTRUN,COMETCLF,SNCKNEED,CLDHAMR,RATRGUE
2,ANT ARMY,SOUPSTL,COSMEVE,PACIFIC,RAGEWHY,FOAMGUN,SLIMEBOT
4,BAT CREW,MUD MISCH,CLDCLOCK,DEEPPIT X,FUN FUND,MEGAMOP,JOKER JO
7,SLUG SQUAD,EGGJSNCH,COSMEVE,NOVANEST,FUN FUND,SNDSABER,CRABDUD
0,QUAIL Q,JOKEROB,STAR TIME,LUNARPIT,FOAMQEST,MUDMISS,FROGKNG
7,WORM CREW,BONKBONK,CLDCLOCK,ION CORE,FUN FUND,FOAMGUN,SLIMEBOT
6,JAGUARJOE,MUD MISCH,TIDETURN,COMETCLF,FUN FUND,MUDMISS,BEARBARD
3,COWCLAN X,BUBTHEFT,MIDDAY,SAHARA,SNCKNEED,WNDWAND,ANTKNIT
3,COWCLAN X,LEAFLIFT,EARTHHR,FOREST,MOONDEBT,ICEBOMB,GOATGAL J
2,MOSS MOB,BARK X BG,MOONHOUR,ATOMTOWN,BUBGOAL,WNDWAND,CRABDUD
6,RATPACKX,STARZWIP,CLDCLOCK,COMETCLF,RAGEWHY,MEGAMOP,CRABDUD
1,COWCLAN X,BONKBONK,SOLRSNAP,DEEPPIT X,FUN FUND,NOODWHIP,DUCKUVON
8,COWCLAN X,EGGJSNCH,SHADE SHF,JUPITER,CHEELUST,WNDWAND,BUNYBRV
4,SLUG SQUAD,BUBTHEFT,STAR TIME,DEEPPIT X,STARDUTY,LEAFLNC,BUNYBRV
6,RATPACKX,EGGJSNCH,MIDDAY,JUPITER,MOONDEBT,ICEBOMB,JOKER JO
5,COWCLAN X,MUD MISCH,SOLRSNAP,LUNARPIT,TIMEGAIN,SNDSABER,QUEENQQ
3,QUAIL Q,CHEESEGRB,SUNRISE,ATOMTOWN,CLDRNT,GLOOPRAY,BUNYBRV
7,CRAB CREW,POLLHST,TIDETURN,PACIFIC,FUN FUND,FOAMGUN,DUCKUVON
9,WORM CREW,NAPUNAB,STAR TIME,LUNARPIT,SALTTHST,SNDSABER,BUNYBRV
3,WORM CREW,BUBTHEFT,WNDWATCH,ATOMTOWN,CHEELUST,SPDSTICK,BEARBARD
2,GOAT GANG,JOKEROB,SHADE SHF,JUPITER,FOAMQEST,BANANAZ,MUNKMAN
9,DUCK DIVZ,EGGJSNCH,CLDCLOCK,UNXDEZ,SNCKNEED,CLDHAMR,MUNKMAN
4,OWL GANG,BARK X BG,SHADE SHF,JUPITER,MOONDEBT,BUBBLADE,MUNKMAN
9,FROG FAM,BONKBONK,WNDWATCH,SAHARA,STARDUTY,NOODWHIP,SLIMEBOT
8,ANT ARMY,BUBTHEFT,COSMEVE,ATOMTOWN,BREWQEST,FOAMGUN,MUNKMAN
5,JAGUARJOE,STARZWIP,CLDCLOCK,ION CORE,MOONDEBT,FOAMGUN,RATRGUE
4,MOSS MOB,CHEESEGRB,DUSKRUN,JUPITER,FOAMQEST,CHEEAXE,CRABDUD
0,RATPACKX,MUD MISCH,WNDWATCH,DEEPPIT X,BUBGOAL,CLDHAMR,MUNKMAN
1,GOAT GANG,POLLHST,MIDDAY,ATOMTOWN,RAGEWHY,GLOOPRAY,ANTKNIT
9,COWCLAN X,BONKBONK,SOLRSNAP,PACIFIC,SANDFEUD,BUBBLADE,FOXXX AD
2,BEE BROZ,CLDCRIME,CLDCLOCK,LUNARPIT,MOONDEBT,SNDSABER,BEARBARD
2,FROG FAM,POLLHST,CLDCLOCK,GALAGATE,TIMEGAIN,MUDMISS,RATRGUE
4,OWL GANG,BONKBONK,TIDETURN,GALAGATE,TURFPRID,GLOOPRAY,YAK KIDX
9,QUAIL Q,POLLHST,TIDETURN,FOREST,SALTTHST,MEGAMOP,OWLBXNDT
6,WORM CREW,BARK X BG,MOONHOUR,PLUTYARD,STARDUTY,BANANAZ,OWLBXNDT
6,FROG FAM,STARZWIP,NIGHTRUN,PLUTYARD,BUBGOAL,BANANAZ,DUCKUVON
2,MUDCREW,EGGJSNCH,MOONHOUR,FOREST,BREWQEST,ICEBOMB,SLUGLORD
7,BAT CREW,STARZWIP,MIDDAY,DEEPPIT X,TIMEGAIN,CLDHAMR,JOKER JO
2,OWL GANG,BUBTHEFT,TIDETURN,GALAGATE,HIVE TAX,BANANAZ,DUCKUVON
3,ANT ARMY,STARZWIP,TIDETURN,LUNARPIT,FUN FUND,BUBBLADE,MOSSMNK
3,QUAIL Q,CLDCRIME,NOONRUSH,GALAGATE,MOONDEBT,MUDMISS,CRABDUD
2,BAT CREW,BUBTHEFT,SHADE SHF,MARSDUNE,FUN FUND,GLOOPRAY,QUEENQQ
6,RATPACKX,BONKBONK,TIDETURN,SAHARA,SALTTHST,SPDSTICK,JOKER JO
0,MUDCREW,EGGJSNCH,COSMEVE,PLUTYARD,BREWQEST,FOAMGUN,CRABDUD
4,MOSS MOB,LEAFLIFT,NIGHTRUN,ION CORE,CHEELUST,SPDSTICK,MUNKMAN
9,BAT CREW,SOUPSTL,NIGHTRUN,PLUTYARD,MOONDEBT,FOAMGUN,FOXXX AD
1,WORM CREW,JOKEROB,MOONHOUR,PLUTYARD,RAGEWHY,FOAMGUN,JOKER JO
2,QUAIL Q,LEAFLIFT,DUSKRUN,PLUTYARD,RAGEWHY,LEAFLNC,YAK KIDX
9,COWCLAN X,CHEESEGRB,COSMEVE,LUNARPIT,BREWQEST,SPDSTICK,DUCKUVON
7,DUCK DIVZ,CHEESEGRB,EARTHHR,SPACE 99,TURFPRID,LEAFLNC,BEARBARD
8,FROG FAM,BARK X BG,MOONHOUR,SAHARA,CHEELUST,GLOOPRAY,MOSSMNK
2,GOAT GANG,NAPUNAB,SHADE SHF,SAHARA,CLDRNT,STASLNG V,QUEENQQ
6,OWL GANG,NAPUNAB,DAWNTIME,PACIFIC,MOONDEBT,STASLNG V,YAK KIDX
6,FOXFORCE,CHEESEGRB,TIDETURN,ATOMTOWN,BREWQEST,CHEEAXE,YAK KIDX
2,RATPACKX,BONKBONK,SHADE SHF,ION CORE,STARDUTY,BANANAZ,DUCKUVON
2,FROG FAM,HAT HUVL,SOLRSNAP,ION CORE,FUN FUND,LEAFLNC,CRABDUD
8,MUDCREW,MUD MISCH,STAR TIME,ION CORE,BUBGOAL,MUDMISS,GOATGAL J
2,SLUG SQUAD,CHEESEGRB,SOLRSNAP,COMETCLF,HIVE TAX,FOAMGUN,ANTKNIT
8,CRAB CREW,SANDSWIPE,MIDDAY,DEEPPIT X,STARDUTY,CLDHAMR,FROGKNG
4,GOAT GANG,BONKBONK,EARTHHR,FOREST,FOAMQEST,WNDWAND,MUNKMAN
2,FROG FAM,BUBTHEFT,DAWNTIME,ION CORE,TIMEGAIN,SNDSABER,SLUGLORD
0,FROG FAM,LEAFLIFT,MOONHOUR,ION CORE,RAGEWHY,FOAMGUN,MUNKMAN
1,FOXFORCE,MUD MISCH,NOONRUSH,PACIFIC,HIVE TAX,GLOOPRAY,SLIMEBOT
4,MOSS MOB,MUD MISCH,STAR TIME,PLUTYARD,HIVE TAX,MUDMISS,FROGKNG
0,RATPACKX,BARK X BG,NIGHTRUN,NOVANEST,SNCKNEED,BUBBLADE,YAK KIDX
8,BAT CREW,BUBTHEFT,TIDETURN,ION CORE,FUN FUND,FOAMGUN,DUCKUVON
5,OWL GANG,EGGJSNCH,SHADE SHF,NOVANEST,FUN FUND,CHEEAXE,JOKER JO
8,MOSS MOB,EGGJSNCH,SHADE SHF,ION CORE,STARDUTY,FOAMGUN,FOXXX AD
8,CRAB CREW,HAT HUVL,EARTHHR,JUPITER,SANDFEUD,STASLNG V,ANTKNIT
5,COWCLAN X,SOUPSTL,TIDETURN,COMETCLF,SNCKNEED,LEAFLNC,FROGKNG
7,SLUG SQUAD,JOKEROB,SUNRISE,SPACE 99,FOAMQEST,SNDSABER,OWLBXNDT
6,OWL GANG,HAT HUVL,WNDWATCH,FOREST,TIMEGAIN,MUDMISS,FOXXX AD
8,GOAT GANG,HAT HUVL,WNDWATCH,FOREST,TIMEGAIN,STASLNG V,SLUGLORD
7,GOAT GANG,SOUPSTL,MOONHOUR,JUPITER,STARDUTY,SPDSTICK,JOKER JO
6,MUDCREW,MUD MISCH,EARTHHR,PLUTYARD,FUN FUND,MUDMISS,QUEENQQ
4,OWL GANG,HAT HUVL,MIDDAY,JUPITER,CHEELUST,FOAMGUN,YAK KIDX
3,MOSS MOB,STARZWIP,NOONRUSH,ATOMTOWN,FUN FUND,CLDHAMR,QUEENQQ
5,CRAB CREW,CLDCRIME,EARTHHR,NOVANEST,BREWQEST,LEAFLNC,SLIMEBOT
2,COWCLAN X,POLLHST,SUNRISE,JUPITER,SALTTHST,GLOOPRAY,SLUGLORD
5,FROG FAM,HAT HUVL,MOONHOUR,ATOMTOWN,RAGEWHY,FOAMGUN,FROGKNG
3,COWCLAN X,EGGJSNCH,SUNRISE,JUPITER,FOAMQEST,BUBBLADE,MOSSMNK
3,QUAIL Q,STARZWIP,SHADE SHF,DEEPPIT X,CLDRNT,CLDHAMR,JOKER JO
9,BAT CREW,HAT HUVL,MOONHOUR,GALAGATE,BUBGOAL,BANANAZ,JOKER JO
9,WORM CREW,HAT HUVL,MIDDAY,NOVANEST,RAGEWHY,STASLNG V,MOSSMNK
4,GOAT GANG,JOKEROB,TIDETURN,COMETCLF,MOONDEBT,FOAMGUN,OWLBXNDT
3,COWCLAN X,CHEESEGRB,SUNRISE,MARSDUNE,SANDFEUD,ICEBOMB,CRABDUD
0,ANT ARMY,SOUPSTL,NOONRUSH,LUNARPIT,RAGEWHY,FOAMGUN,ANTKNIT
4,MUDCREW,BARK X BG,WNDWATCH,LUNARPIT,RAGEWHY,MUDMISS,SLIMEBOT
4,CRAB CREW,BONKBONK,EARTHHR,COMETCLF,SANDFEUD,CHEEAXE,MOSSMNK
4,JAGUARJOE,BARK X BG,SUNRISE,COMETCLF,TIMEGAIN,ICEBOMB,SLIMEBOT
3,JAGUARJOE,CLDCRIME,COSMEVE,GALAGATE,HIVE TAX,FOAMGUN,MOSSMNK
2,FROG FAM,BONKBONK,EARTHHR,LUNARPIT,TIMEGAIN,SPDSTICK,GOATGAL J
1,MOSS MOB,BONKBONK,MIDDAY,LUNARPIT,SALTTHST,GLOOPRAY,OWLBXNDT
4,MOSS MOB,BUBTHEFT,NOONRUSH,EVEREST,SALTTHST,BUBBLADE,ANTKNIT
0,FROG FAM,POLLHST,SOLRSNAP,MARSDUNE,BREWQEST,SPDSTICK,SLUGLORD
7,WORM CREW,CLDCRIME,COSMEVE,SAHARA,HIVE TAX,BUBBLADE,YAK KIDX
4,FROG FAM,LEAFLIFT,MIDDAY,FOREST,STARDUTY,BUBBLADE,MOSSMNK
5,FOXFORCE,EGGJSNCH,NOONRUSH,LUNARPIT,BUBGOAL,SNDSABER,QUEENQQ
4,RATPACKX,SANDSWIPE,CLDCLOCK,PACIFIC,FOAMQEST,GLOOPRAY,SLUGLORD
1,JAGUARJOE,NAPUNAB,DAWNTIME,EVEREST,SALTTHST,SPDSTICK,BEARBARD
7,JAGUARJOE,STARZWIP,EARTHHR,ATOMTOWN,TIMEGAIN,MEGAMOP,QUEENQQ
5,BAT CREW,CLDCRIME,WNDWATCH,DEEPPIT X,SANDFEUD,MUDMISS,QUEENQQ
0,MOSS MOB,STARZWIP,MIDDAY,MARSDUNE,BUBGOAL,NOODWHIP,MUNKMAN
7,SLUG SQUAD,POLLHST,DAWNTIME,EVEREST,BREWQEST,BUBBLADE,BUNYBRV
3,QUAIL Q,JOKEROB,EARTHHR,EVEREST,TURFPRID,CHEEAXE,MUNKMAN
0,CRAB CREW,CLDCRIME,SHADE SHF,DEEPPIT X,CLDRNT,FOAMGUN,JOKER JO
8,BEE BROZ,BUBTHEFT,CLDCLOCK,EVEREST,SALTTHST,NOODWHIP,FOXXX AD
0,DUCK DIVZ,CHEESEGRB,NOONRUSH,UNXDEZ,TIMEGAIN,ICEBOMB,CRABDUD
1,MOSS MOB,MUD MISCH,NIGHTRUN,PACIFIC,HIVE TAX,MEGAMOP,FROGKNG
1,COWCLAN X,MUD MISCH,EARTHHR,EVEREST,CLDRNT,MEGAMOP,MUNKMAN
4,MUDCREW,EGGJSNCH,TIDETURN,GALAGATE,STARDUTY,ICEBOMB,DUCKUVON
5,WORM CREW,SOUPSTL,STAR TIME,UNXDEZ,BREWQEST,MEGAMOP,MUNKMAN
9,RATPACKX,CLDCRIME,NOONRUSH,UNXDEZ,HIVE TAX,SNDSABER,FOXXX AD
4,OWL GANG,NAPUNAB,CLDCLOCK,DEEPPIT X,FOAMQEST,MUDMISS,FROGKNG
0,SLUG SQUAD,MUD MISCH,SUNRISE,ION CORE,MOONDEBT,STASLNG V,ANTKNIT
4,CRAB CREW,MUD MISCH,MOONHOUR,GALAGATE,FOAMQEST,SPDSTICK,ANTKNIT
5,ANT ARMY,JOKEROB,SOLRSNAP,PLUTYARD,SANDFEUD,BUBBLADE,ANTKNIT
1,RATPACKX,CHEESEGRB,TIDETURN,UNXDEZ,MOONDEBT,NOODWHIP,RATRGUE
3,MUDCREW,LEAFLIFT,STAR TIME,ION CORE,FUN FUND,BUBBLADE,BEARBARD
9,COWCLAN X,SANDSWIPE,NOONRUSH,COMETCLF,TIMEGAIN,BANANAZ,CRABDUD
9,QUAIL Q,NAPUNAB,STAR TIME,PLUTYARD,CHEELUST,CLDHAMR,CRABDUD
7,WORM CREW,BONKBONK,TIDETURN,ATOMTOWN,CLDRNT,FOAMGUN,SLIMEBOT
9,BEE BROZ,MUD MISCH,SHADE SHF,UNXDEZ,CLDRNT,BANANAZ,OWLBXNDT
3,RATPACKX,JOKEROB,EARTHHR,EVEREST,TURFPRID,NOODWHIP,GOATGAL J
2,BAT CREW,EGGJSNCH,NIGHTRUN,ATOMTOWN,BUBGOAL,CHEEAXE,FOXXX AD
9,CRAB CREW,EGGJSNCH,CLDCLOCK,DEEPPIT X,FUN FUND,GLOOPRAY,SLIMEBOT
4,GOAT GANG,CHEESEGRB,NOONRUSH,ATOMTOWN,STARDUTY,CLDHAMR,CRABDUD
4,RATPACKX,NAPUNAB,SUNRISE,MARSDUNE,RAGEWHY,MUDMISS,GOATGAL J
7,BEE BROZ,BUBTHEFT,DUSKRUN,NOVANEST,BREWQEST,GLOOPRAY,FOXXX AD
5,MOSS MOB,CHEESEGRB,MIDDAY,UNXDEZ,HIVE TAX,STASLNG V,GOATGAL J
8,DUCK DIVZ,SOUPSTL,STAR TIME,MARSDUNE,BUBGOAL,CLDHAMR,FROGKNG
9,FOXFORCE,NAPUNAB,CLDCLOCK,JUPITER,CLDRNT,ICEBOMB,QUEENQQ
7,QUAIL Q,CLDCRIME,CLDCLOCK,JUPITER,FUN FUND,ICEBOMB,YAK KIDX
3,SLUG SQUAD,EGGJSNCH,DAWNTIME,JUPITER,CHEELUST,SNDSABER,JOKER JO
2,DUCK DIVZ,BARK X BG,STAR TIME,SAHARA,CHEELUST,MUDMISS,SLUGLORD
8,JAGUARJOE,CLDCRIME,SUNRISE,ION CORE,BUBGOAL,WNDWAND,ANTKNIT
9,SLUG SQUAD,SANDSWIPE,MOONHOUR,PLUTYARD,HIVE TAX,BUBBLADE,BEARBARD
5,RATPACKX,MUD MISCH,MOONHOUR,JUPITER,HIVE TAX,STASLNG V,BUNYBRV
0,MOSS MOB,SANDSWIPE,SOLRSNAP,UNXDEZ,TURFPRID,CLDHAMR,OWLBXNDT
9,COWCLAN X,CLDCRIME,SHADE SHF,ION CORE,FUN FUND,MEGAMOP,MOSSMNK
8,BEE BROZ,POLLHST,NIGHTRUN,PACIFIC,TIMEGAIN,LEAFLNC,MOSSMNK
7,JAGUARJOE,SOUPSTL,DUSKRUN,JUPITER,BREWQEST,CHEEAXE,JOKER JO
9,COWCLAN X,STARZWIP,SHADE SHF,GALAGATE,TURFPRID,FOAMGUN,MOSSMNK
2,CRAB CREW,BONKBONK,SOLRSNAP,DEEPPIT X,HIVE TAX,GLOOPRAY,SLIMEBOT
6,SLUG SQUAD,SANDSWIPE,STAR TIME,EVEREST,TURFPRID,BUBBLADE,DUCKUVON
3,MUDCREW,MUD MISCH,STAR TIME,EVEREST,CLDRNT,STASLNG V,FROGKNG
0,BEE BROZ,NAPUNAB,NOONRUSH,SAHARA,CLDRNT,BANANAZ,MUNKMAN
5,DUCK DIVZ,BARK X BG,SOLRSNAP,ATOMTOWN,MOONDEBT,CHEEAXE,FOXXX AD
2,COWCLAN X,BUBTHEFT,WNDWATCH,PLUTYARD,CHEELUST,NOODWHIP,CRABDUD
0,MOSS MOB,SANDSWIPE,WNDWATCH,JUPITER,BREWQEST,SNDSABER,FOXXX AD
8,WORM CREW,SANDSWIPE,SHADE SHF,EVEREST,SALTTHST,ICEBOMB,CRABDUD
4,MUDCREW,MUD MISCH,MIDDAY,PACIFIC,RAGEWHY,LEAFLNC,FROGKNG
0,ANT ARMY,JOKEROB,CLDCLOCK,FOREST,SALTTHST,NOODWHIP,MOSSMNK
8,JAGUARJOE,BUBTHEFT,SUNRISE,NOVANEST,TIMEGAIN,BUBBLADE,BEARBARD
8,ANT ARMY,BUBTHEFT,EARTHHR,EVEREST,RAGEWHY,ICEBOMB,YAK KIDX
0,FOXFORCE,STARZWIP,TIDETURN,MARSDUNE,CLDRNT,ICEBOMB,BEARBARD
8,BEE BROZ,SANDSWIPE,DUSKRUN,MARSDUNE,BREWQEST,CHEEAXE,YAK KIDX
1,RATPACKX,POLLHST,STAR TIME,EVEREST,HIVE TAX,SNDSABER,MOSSMNK
3,RATPACKX,STARZWIP,COSMEVE,EVEREST,BUBGOAL,WNDWAND,ANTKNIT
0,COWCLAN X,NAPUNAB,EARTHHR,EVEREST,TURFPRID,CLDHAMR,BUNYBRV
6,JAGUARJOE,NAPUNAB,EARTHHR,ION CORE,SALTTHST,GLOOPRAY,FOXXX AD
4,OWL GANG,BONKBONK,EARTHHR,SPACE 99,BUBGOAL,CHEEAXE,OWLBXNDT
2,WORM CREW,CLDCRIME,STAR TIME,ATOMTOWN,SALTTHST,ICEBOMB,YAK KIDX
7,ANT ARMY,BONKBONK,SUNRISE,PLUTYARD,RAGEWHY,WNDWAND,CRABDUD
3,BEE BROZ,BONKBONK,SHADE SHF,PACIFIC,TIMEGAIN,CLDHAMR,FROGKNG
3,CRAB CREW,SANDSWIPE,NIGHTRUN,SPACE 99,MOONDEBT,MEGAMOP,BEARBARD
8,MOSS MOB,LEAFLIFT,NOONRUSH,MARSDUNE,TURFPRID,LEAFLNC,CRABDUD
0,ANT ARMY,HAT HUVL,SHADE SHF,SAHARA,TURFPRID,WNDWAND,QUEENQQ
5,WORM CREW,STARZWIP,STAR TIME,LUNARPIT,FOAMQEST,GLOOPRAY,SLUGLORD
7,WORM CREW,SANDSWIPE,SUNRISE,UNXDEZ,TURFPRID,SNDSABER,GOATGAL J
0,FROG FAM,LEAFLIFT,CLDCLOCK,COMETCLF,FOAMQEST,STASLNG V,CRABDUD
4,FROG FAM,NAPUNAB,EARTHHR,DEEPPIT X,STARDUTY,WNDWAND,BEARBARD
7,RATPACKX,BARK X BG,SUNRISE,ION CORE,TURFPRID,ICEBOMB,QUEENQQ
1,FOXFORCE,CHEESEGRB,MOONHOUR,UNXDEZ,FUN FUND,GLOOPRAY,SLUGLORD
6,QUAIL Q,MUD MISCH,DUSKRUN,COMETCLF,FOAMQEST,WNDWAND,FOXXX AD
4,QUAIL Q,MUD MISCH,MOONHOUR,GALAGATE,BREWQEST,STASLNG V,MOSSMNK
2,FROG FAM,BONKBONK,NIGHTRUN,ATOMTOWN,CLDRNT,BANANAZ,SLUGLORD
4,GOAT GANG,CLDCRIME,TIDETURN,LUNARPIT,STARDUTY,MUDMISS,FOXXX AD
2,BAT CREW,HAT HUVL,TIDETURN,ATOMTOWN,CHEELUST,STASLNG V,FOXXX AD
5,MOSS MOB,BARK X BG,STAR TIME,ION CORE,BUBGOAL,FOAMGUN,FOXXX AD
8,BEE BROZ,LEAFLIFT,COSMEVE,GALAGATE,SANDFEUD,MUDMISS,MUNKMAN
4,RATPACKX,POLLHST,MOONHOUR,NOVANEST,MOONDEBT,BANANAZ,MUNKMAN
8,RATPACKX,EGGJSNCH,NIGHTRUN,PLUTYARD,FOAMQEST,LEAFLNC,SLIMEBOT
3,FOXFORCE,NAPUNAB,SOLRSNAP,ATOMTOWN,CLDRNT,BANANAZ,BEARBARD
5,RATPACKX,EGGJSNCH,NOONRUSH,LUNARPIT,SNCKNEED,CHEEAXE,MOSSMNK
1,CRAB CREW,CLDCRIME,WNDWATCH,SPACE 99,CLDRNT,BANANAZ,SLIMEBOT
5,GOAT GANG,BONKBONK,CLDCLOCK,SAHARA,STARDUTY,MUDMISS,MOSSMNK
9,MOSS MOB,CHEESEGRB,DUSKRUN,SAHARA,RAGEWHY,GLOOPRAY,ANTKNIT
2,CRAB CREW,SANDSWIPE,MIDDAY,JUPITER,CHEELUST,BANANAZ,DUCKUVON
7,MOSS MOB,JOKEROB,DUSKRUN,LUNARPIT,FUN FUND,WNDWAND,CRABDUD
5,BEE BROZ,HAT HUVL,NOONRUSH,NOVANEST,CHEELUST,SNDSABER,SLIMEBOT
3,ANT ARMY,STARZWIP,DUSKRUN,JUPITER,MOONDEBT,NOODWHIP,MOSSMNK
3,MUDCREW,MUD MISCH,CLDCLOCK,FOREST,BUBGOAL,STASLNG V,FOXXX AD
7,JAGUARJOE,SOUPSTL,SOLRSNAP,JUPITER,TURFPRID,ICEBOMB,SLUGLORD
8,RATPACKX,BUBTHEFT,DUSKRUN,ION CORE,FOAMQEST,SNDSABER,RATRGUE
2,GOAT GANG,CLDCRIME,DUSKRUN,JUPITER,CLDRNT,ICEBOMB,QUEENQQ
0,FROG FAM,BONKBONK,DAWNTIME,FOREST,FUN FUND,CHEEAXE,YAK KIDX
9,RATPACKX,BONKBONK,MOONHOUR,ATOMTOWN,BUBGOAL,BANANAZ,FROGKNG
5,OWL GANG,LEAFLIFT,DUSKRUN,PACIFIC,BREWQEST,GLOOPRAY,JOKER JO
0,ANT ARMY,SOUPSTL,TIDETURN,MARSDUNE,FOAMQEST,FOAMGUN,GOATGAL J
6,MUDCREW,POLLHST,DAWNTIME,LUNARPIT,SALTTHST,CHEEAXE,YAK KIDX
4,CRAB CREW,LEAFLIFT,SHADE SHF,PACIFIC,SALTTHST,SNDSABER,DUCKUVON
6,WORM CREW,BARK X BG,WNDWATCH,NOVANEST,FUN FUND,NOODWHIP,FOXXX AD
6,FROG FAM,NAPUNAB,MOONHOUR,EVEREST,FUN FUND,CHEEAXE,FROGKNG
4,QUAIL Q,EGGJSNCH,CLDCLOCK,ION CORE,BUBGOAL,NOODWHIP,MOSSMNK
3,MOSS MOB,BONKBONK,STAR TIME,SAHARA,TIMEGAIN,FOAMGUN,MUNKMAN
0,BAT CREW,POLLHST,CLDCLOCK,NOVANEST,MOONDEBT,CHEEAXE,ANTKNIT
2,DUCK DIVZ,POLLHST,SOLRSNAP,DEEPPIT X,TIMEGAIN,CHEEAXE,FOXXX AD
0,JAGUARJOE,BUBTHEFT,SHADE SHF,PLUTYARD,RAGEWHY,SNDSABER,QUEENQQ
1,BAT CREW,JOKEROB,NOONRUSH,COMETCLF,RAGEWHY,SPDSTICK,FOXXX AD
9,JAGUARJOE,STARZWIP,MOONHOUR,DEEPPIT X,FUN FUND,FOAMGUN,FROGKNG
9,QUAIL Q,JOKEROB,SHADE SHF,SPACE 99,TIMEGAIN,ICEBOMB,SLUGLORD
0,DUCK DIVZ,BUBTHEFT,SHADE SHF,LUNARPIT,STARDUTY,MUDMISS,JOKER JO
1,FOXFORCE,BARK X BG,DAWNTIME,SPACE 99,FOAMQEST,FOAMGUN,JOKER JO
1,JAGUARJOE,LEAFLIFT,TIDETURN,DEEPPIT X,STARDUTY,SPDSTICK,BEARBARD
9,SLUG SQUAD,SOUPSTL,CLDCLOCK,JUPITER,CHEELUST,LEAFLNC,FOXXX AD
8,JAGUARJOE,BUBTHEFT,MIDDAY,ION CORE,TURFPRID,GLOOPRAY,DUCKUVON
5,CRAB CREW,SOUPSTL,STAR TIME,ATOMTOWN,RAGEWHY,SNDSABER,OWLBXNDT
3,JAGUARJOE,HAT HUVL,DAWNTIME,LUNARPIT,SNCKNEED,NOODWHIP,BUNYBRV
2,SLUG SQUAD,EGGJSNCH,SOLRSNAP,PLUTYARD,SALTTHST,BUBBLADE,FROGKNG
6,MOSS MOB,STARZWIP,DAWNTIME,NOVANEST,FOAMQEST,BANANAZ,RATRGUE
6,CRAB CREW,SOUPSTL,DUSKRUN,PACIFIC,SNCKNEED,SPDSTICK,YAK KIDX
8,FOXFORCE,NAPUNAB,EARTHHR,PACIFIC,BUBGOAL,LEAFLNC,GOATGAL J
5,DUCK DIVZ,BUBTHEFT,SUNRISE,DEEPPIT X,MOONDEBT,SNDSABER,OWLBXNDT
6,QUAIL Q,MUD MISCH,SOLRSNAP,MARSDUNE,FOAMQEST,ICEBOMB,QUEENQQ
9,WORM CREW,CHEESEGRB,SOLRSNAP,COMETCLF,HIVE TAX,BANANAZ,SLIMEBOT
0,COWCLAN X,JOKEROB,STAR TIME,PLUTYARD,STARDUTY,NOODWHIP,CRABDUD
8,MUDCREW,CLDCRIME,MOONHOUR,DEEPPIT X,CLDRNT,MEGAMOP,FOXXX AD
5,ANT ARMY,HAT HUVL,SHADE SHF,LUNARPIT,TURFPRID,WNDWAND,SLUGLORD
6,JAGUARJOE,MUD MISCH,NOONRUSH,UNXDEZ,SANDFEUD,CLDHAMR,ANTKNIT
9,MOSS MOB,SANDSWIPE,DUSKRUN,UNXDEZ,RAGEWHY,SNDSABER,ANTKNIT
6,MOSS MOB,JOKEROB,MOONHOUR,FOREST,HIVE TAX,FOAMGUN,YAK KIDX
4,WORM CREW,BONKBONK,COSMEVE,EVEREST,MOONDEBT,GLOOPRAY,SLUGLORD
7,GOAT GANG,BARK X BG,EARTHHR,JUPITER,FUN FUND,FOAMGUN,MOSSMNK
2,MOSS MOB,MUD MISCH,MIDDAY,SPACE 99,BUBGOAL,BUBBLADE,QUEENQQ
4,FROG FAM,STARZWIP,WNDWATCH,COMETCLF,TIMEGAIN,BANANAZ,FOXXX AD
6,GOAT GANG,BUBTHEFT,DAWNTIME,ATOMTOWN,RAGEWHY,GLOOPRAY,SLUGLORD
8,GOAT GANG,EGGJSNCH,MIDDAY,ATOMTOWN,TIMEGAIN,ICEBOMB,OWLBXNDT
8,RATPACKX,SOUPSTL,MIDDAY,MARSDUNE,MOONDEBT,MUDMISS,BEARBARD
9,RATPACKX,SOUPSTL,TIDETURN,SAHARA,CLDRNT,GLOOPRAY,CRABDUD
8,FROG FAM,POLLHST,NIGHTRUN,DEEPPIT X,RAGEWHY,SPDSTICK,YAK KIDX
8,RATPACKX,HAT HUVL,COSMEVE,NOVANEST,CLDRNT,SNDSABER,CRABDUD
5,JAGUARJOE,SANDSWIPE,EARTHHR,LUNARPIT,SALTTHST,WNDWAND,MOSSMNK
1,CRAB CREW,MUD MISCH,MIDDAY,DEEPPIT X,BREWQEST,MUDMISS,DUCKUVON
2,SLUG SQUAD,BARK X BG,NOONRUSH,JUPITER,TURFPRID,BUBBLADE,BUNYBRV
3,FROG FAM,BUBTHEFT,NIGHTRUN,COMETCLF,SANDFEUD,MEGAMOP,CRABDUD
0,COWCLAN X,STARZWIP,SUNRISE,MARSDUNE,SNCKNEED,CLDHAMR,CRABDUD
1,BAT CREW,JOKEROB,DUSKRUN,DEEPPIT X,TURFPRID,CLDHAMR,BUNYBRV
8,FROG FAM,JOKEROB,DAWNTIME,PLUTYARD,FOAMQEST,FOAMGUN,DUCKUVON
0,OWL GANG,STARZWIP,WNDWATCH,LUNARPIT,RAGEWHY,STASLNG V,SLUGLORD
9,DUCK DIVZ,CHEESEGRB,SOLRSNAP,UNXDEZ,STARDUTY,GLOOPRAY,FROGKNG
3,BEE BROZ,BARK X BG,SHADE SHF,ION CORE,SALTTHST,LEAFLNC,GOATGAL J
1,BAT CREW,SOUPSTL,NIGHTRUN,FOREST,SANDFEUD,NOODWHIP,CRABDUD
6,QUAIL Q,SOUPSTL,TIDETURN,MARSDUNE,TIMEGAIN,BANANAZ,QUEENQQ
4,MOSS MOB,JOKEROB,EARTHHR,SAHARA,BUBGOAL,CHEEAXE,SLUGLORD
9,FOXFORCE,BONKBONK,NIGHTRUN,COMETCLF,BREWQEST,FOAMGUN,QUEENQQ
3,GOAT GANG,STARZWIP,EARTHHR,MARSDUNE,TIMEGAIN,SPDSTICK,DUCKUVON
6,COWCLAN X,JOKEROB,WNDWATCH,ION CORE,FUN FUND,CLDHAMR,ANTKNIT
2,BAT CREW,JOKEROB,SOLRSNAP,SAHARA,TURFPRID,BUBBLADE,RATRGUE
8,OWL GANG,LEAFLIFT,COSMEVE,ION CORE,TIMEGAIN,MUDMISS,RATRGUE
0,SLUG SQUAD,MUD MISCH,NIGHTRUN,FOREST,MOONDEBT,STASLNG V,RATRGUE
7,GOAT GANG,BONKBONK,MOONHOUR,EVEREST,STARDUTY,MUDMISS,DUCKUVON
4,GOAT GANG,BUBTHEFT,DAWNTIME,JUPITER,TIMEGAIN,ICEBOMB,SLIMEBOT
0,QUAIL Q,SANDSWIPE,STAR TIME,LUNARPIT,FOAMQEST,FOAMGUN,FROGKNG
5,OWL GANG,NAPUNAB,DAWNTIME,ION CORE,MOONDEBT,WNDWAND,OWLBXNDT
4,MUDCREW,SOUPSTL,TIDETURN,COMETCLF,CHEELUST,WNDWAND,SLUGLORD
3,FOXFORCE,MUD MISCH,STAR TIME,NOVANEST,STARDUTY,MEGAMOP,DUCKUVON
6,RATPACKX,CHEESEGRB,SUNRISE,JUPITER,FOAMQEST,ICEBOMB,JOKER JO
6,MUDCREW,SANDSWIPE,NIGHTRUN,SPACE 99,CHEELUST,SPDSTICK,GOATGAL J
5,RATPACKX,SOUPSTL,CLDCLOCK,UNXDEZ,HIVE TAX,CHEEAXE,FROGKNG
9,GOAT GANG,NAPUNAB,COSMEVE,LUNARPIT,SANDFEUD,MEGAMOP,FROGKNG
9,FOXFORCE,POLLHST,WNDWATCH,JUPITER,CHEELUST,ICEBOMB,FOXXX AD
8,MOSS MOB,CHEESEGRB,MOONHOUR,SPACE 99,FOAMQEST,CHEEAXE,QUEENQQ
7,MUDCREW,JOKEROB,SOLRSNAP,MARSDUNE,MOONDEBT,BANANAZ,MOSSMNK
5,RATPACKX,SANDSWIPE,SUNRISE,FOREST,RAGEWHY,MEGAMOP,BUNYBRV
3,JAGUARJOE,BARK X BG,SUNRISE,MARSDUNE,TURFPRID,FOAMGUN,RATRGUE
6,CRAB CREW,STARZWIP,SOLRSNAP,ATOMTOWN,CHEELUST,ICEBOMB,MOSSMNK
0,CRAB CREW,BUBTHEFT,SHADE SHF,PACIFIC,BUBGOAL,MEGAMOP,ANTKNIT
6,DUCK DIVZ,HAT HUVL,COSMEVE,ION CORE,BUBGOAL,ICEBOMB,ANTKNIT
9,OWL GANG,POLLHST,EARTHHR,COMETCLF,MOONDEBT,NOODWHIP,BUNYBRV
9,BEE BROZ,SOUPSTL,SHADE SHF,EVEREST,TURFPRID,SNDSABER,DUCKUVON
9,BAT CREW,SOUPSTL,SOLRSNAP,SPACE 99,SANDFEUD,CLDHAMR,BUNYBRV
0,DUCK DIVZ,HAT HUVL,NIGHTRUN,JUPITER,MOONDEBT,BUBBLADE,OWLBXNDT
0,GOAT GANG,JOKEROB,DUSKRUN,MARSDUNE,SANDFEUD,GLOOPRAY,QUEENQQ
4,FROG FAM,NAPUNAB,TIDETURN,UNXDEZ,CLDRNT,MUDMISS,ANTKNIT
0,GOAT GANG,EGGJSNCH,CLDCLOCK,JUPITER,RAGEWHY,BANANAZ,YAK KIDX
3,FROG FAM,CLDCRIME,SOLRSNAP,JUPITER,SALTTHST,BANANAZ,MUNKMAN
5,QUAIL Q,JOKEROB,STAR TIME,PLUTYARD,STARDUTY,ICEBOMB,CRABDUD
7,OWL GANG,CHEESEGRB,COSMEVE,COMETCLF,HIVE TAX,CHEEAXE,FOXXX AD
8,GOAT GANG,SOUPSTL,TIDETURN,LUNARPIT,SALTTHST,GLOOPRAY,GOATGAL J
1,MUDCREW,POLLHST,SUNRISE,LUNARPIT,FUN FUND,BANANAZ,BUNYBRV
0,BEE BROZ,MUD MISCH,EARTHHR,PACIFIC,CLDRNT,BUBBLADE,JOKER JO
2,JAGUARJOE,JOKEROB,SUNRISE,SPACE 99,SNCKNEED,FOAMGUN,ANTKNIT
9,ANT ARMY,CLDCRIME,CLDCLOCK,FOREST,MOONDEBT,GLOOPRAY,FOXXX AD
9,COWCLAN X,CHEESEGRB,SOLRSNAP,PACIFIC,SALTTHST,WNDWAND,QUEENQQ
9,MOSS MOB,LEAFLIFT,NIGHTRUN,LUNARPIT,SANDFEUD,STASLNG V,JOKER JO
6,ANT ARMY,POLLHST,EARTHHR,MARSDUNE,STARDUTY,NOODWHIP,FOXXX AD
3,OWL GANG,BUBTHEFT,MOONHOUR,UNXDEZ,SANDFEUD,CLDHAMR,BEARBARD
7,JAGUARJOE,LEAFLIFT,NIGHTRUN,SAHARA,TIMEGAIN,MEGAMOP,MUNKMAN
8,SLUG SQUAD,BONKBONK,STAR TIME,COMETCLF,STARDUTY,ICEBOMB,OWLBXNDT
5,MUDCREW,CLDCRIME,COSMEVE,UNXDEZ,BREWQEST,GLOOPRAY,SLIMEBOT
1,DUCK DIVZ,BUBTHEFT,DUSKRUN,JUPITER,SANDFEUD,SNDSABER,MOSSMNK
0,ANT ARMY,BUBTHEFT,EARTHHR,PACIFIC,BUBGOAL,MUDMISS,RATRGUE
7,QUAIL Q,BONKBONK,CLDCLOCK,SPACE 99,BUBGOAL,CLDHAMR,RATRGUE
7,FOXFORCE,BUBTHEFT,WNDWATCH,UNXDEZ,HIVE TAX,ICEBOMB,OWLBXNDT
7,JAGUARJOE,CLDCRIME,DAWNTIME,SAHARA,FUN FUND,FOAMGUN,YAK KIDX
6,FROG FAM,SOUPSTL,SHADE SHF,GALAGATE,SALTTHST,GLOOPRAY,OWLBXNDT
8,DUCK DIVZ,BUBTHEFT,DUSKRUN,PACIFIC,SNCKNEED,BUBBLADE,BUNYBRV
7,OWL GANG,BONKBONK,SOLRSNAP,DEEPPIT X,RAGEWHY,BUBBLADE,MOSSMNK
2,MOSS MOB,STARZWIP,MOONHOUR,SAHARA,TURFPRID,MEGAMOP,FOXXX AD
5,WORM CREW,SANDSWIPE,MIDDAY,JUPITER,SNCKNEED,WNDWAND,RATRGUE
5,BAT CREW,STARZWIP,CLDCLOCK,LUNARPIT,STARDUTY,MEGAMOP,RATRGUE
3,BAT CREW,BARK X BG,NOONRUSH,EVEREST,BUBGOAL,ICEBOMB,BUNYBRV
9,SLUG SQUAD,LEAFLIFT,MIDDAY,DEEPPIT X,CHEELUST,BANANAZ,GOATGAL J
6,JAGUARJOE,STARZWIP,COSMEVE,ATOMTOWN,RAGEWHY,LEAFLNC,GOATGAL J
8,DUCK DIVZ,POLLHST,MIDDAY,ION CORE,TIMEGAIN,WNDWAND,SLIMEBOT
4,FROG FAM,NAPUNAB,STAR TIME,PLUTYARD,SALTTHST,CLDHAMR,CRABDUD
8,SLUG SQUAD,NAPUNAB,SHADE SHF,GALAGATE,FUN FUND,STASLNG V,ANTKNIT
2,SLUG SQUAD,MUD MISCH,EARTHHR,UNXDEZ,CHEELUST,BANANAZ,JOKER JO
1,ANT ARMY,MUD MISCH,CLDCLOCK,ATOMTOWN,TURFPRID,SPDSTICK,SLUGLORD
8,SLUG SQUAD,MUD MISCH,SHADE SHF,UNXDEZ,CHEELUST,ICEBOMB,FOXXX AD
4,MUDCREW,NAPUNAB,SHADE SHF,LUNARPIT,CLDRNT,NOODWHIP,YAK KIDX
3,QUAIL Q,CLDCRIME,CLDCLOCK,FOREST,BREWQEST,ICEBOMB,FROGKNG
5,BAT CREW,MUD MISCH,DAWNTIME,JUPITER,BUBGOAL,CHEEAXE,MUNKMAN
7,DUCK DIVZ,CLDCRIME,DUSKRUN,EVEREST,HIVE TAX,BUBBLADE,MUNKMAN
6,GOAT GANG,BUBTHEFT,SUNRISE,FOREST,FUN FUND,MUDMISS,FOXXX AD
2,CRAB CREW,JOKEROB,STAR TIME,ATOMTOWN,SALTTHST,CLDHAMR,FOXXX AD
3,SLUG SQUAD,JOKEROB,SOLRSNAP,FOREST,CLDRNT,STASLNG V,FOXXX AD
5,RATPACKX,LEAFLIFT,EARTHHR,DEEPPIT X,STARDUTY,GLOOPRAY,OWLBXNDT
4,QUAIL Q,HAT HUVL,WNDWATCH,SAHARA,HIVE TAX,GLOOPRAY,FROGKNG
1,SLUG SQUAD,JOKEROB,NOONRUSH,JUPITER,TURFPRID,BUBBLADE,FROGKNG
2,FOXFORCE,BARK X BG,SOLRSNAP,NOVANEST,HIVE TAX,ICEBOMB,RATRGUE
3,ANT ARMY,POLLHST,CLDCLOCK,SAHARA,STARDUTY,MEGAMOP,OWLBXNDT
4,CRAB CREW,BUBTHEFT,SHADE SHF,GALAGATE,BREWQEST,GLOOPRAY,ANTKNIT
3,COWCLAN X,EGGJSNCH,DAWNTIME,DEEPPIT X,HIVE TAX,GLOOPRAY,MUNKMAN
0,QUAIL Q,NAPUNAB,COSMEVE,JUPITER,FUN FUND,FOAMGUN,ANTKNIT
8,OWL GANG,POLLHST,TIDETURN,ATOMTOWN,STARDUTY,CHEEAXE,MUNKMAN
0,MUDCREW,MUD MISCH,WNDWATCH,SAHARA,TIMEGAIN,WNDWAND,FROGKNG
8,FROG FAM,CLDCRIME,STAR TIME,PLUTYARD,STARDUTY,CLDHAMR,CRABDUD
2,SLUG SQUAD,HAT HUVL,TIDETURN,SAHARA,CHEELUST,CHEEAXE,FOXXX AD
0,FROG FAM,STARZWIP,TIDETURN,MARSDUNE,TIMEGAIN,MEGAMOP,OWLBXNDT
0,SLUG SQUAD,NAPUNAB,EARTHHR,SAHARA,SALTTHST,SPDSTICK,CRABDUD
8,SLUG SQUAD,BONKBONK,WNDWATCH,UNXDEZ,TURFPRID,SPDSTICK,FOXXX AD
8,DUCK DIVZ,BUBTHEFT,STAR TIME,MARSDUNE,HIVE TAX,MEGAMOP,BEARBARD
1,GOAT GANG,BARK X BG,MOONHOUR,NOVANEST,FOAMQEST,BANANAZ,FOXXX AD
2,FOXFORCE,EGGJSNCH,NOONRUSH,FOREST,FUN FUND,CHEEAXE,JOKER JO
6,OWL GANG,JOKEROB,SUNRISE,GALAGATE,BREWQEST,NOODWHIP,JOKER JO
2,CRAB CREW,CLDCRIME,DAWNTIME,MARSDUNE,HIVE TAX,MUDMISS,RATRGUE
3,CRAB CREW,SANDSWIPE,SHADE SHF,JUPITER,RAGEWHY,MUDMISS,BUNYBRV
3,WORM CREW,MUD MISCH,CLDCLOCK,GALAGATE,MOONDEBT,MEGAMOP,GOATGAL J
1,ANT ARMY,LEAFLIFT,NOONRUSH,JUPITER,TIMEGAIN,BANANAZ,JOKER JO
2,OWL GANG,BARK X BG,STAR TIME,COMETCLF,SANDFEUD,BUBBLADE,RATRGUE
8,QUAIL Q,BONKBONK,EARTHHR,ATOMTOWN,BUBGOAL,SPDSTICK,ANTKNIT
7,GOAT GANG,JOKEROB,MIDDAY,PACIFIC,FOAMQEST,NOODWHIP,RATRGUE
1,MUDCREW,CHEESEGRB,WNDWATCH,ION CORE,RAGEWHY,BUBBLADE,OWLBXNDT
3,MUDCREW,SOUPSTL,NOONRUSH,ION CORE,TURFPRID,STASLNG V,BUNYBRV
5,MOSS MOB,NAPUNAB,NOONRUSH,PACIFIC,HIVE TAX,STASLNG V,RATRGUE
2,OWL GANG,BUBTHEFT,EARTHHR,COMETCLF,BUBGOAL,WNDWAND,FOXXX AD
8,RATPACKX,BARK X BG,STAR TIME,FOREST,TIMEGAIN,SPDSTICK,GOATGAL J
0,DUCK DIVZ,BARK X BG,MIDDAY,LUNARPIT,FUN FUND,CLDHAMR,MOSSMNK
1,MOSS MOB,POLLHST,NOONRUSH,LUNARPIT,BREWQEST,LEAFLNC,FROGKNG
7,COWCLAN X,LEAFLIFT,DAWNTIME,DEEPPIT X,FOAMQEST,BANANAZ,BEARBARD
5,BAT CREW,JOKEROB,SUNRISE,MARSDUNE,SANDFEUD,STASLNG V,JOKER JO
5,JAGUARJOE,SANDSWIPE,WNDWATCH,SAHARA,TURFPRID,STASLNG V,OWLBXNDT
1,COWCLAN X,POLLHST,TIDETURN,JUPITER,TURFPRID,CLDHAMR,ANTKNIT
3,CRAB CREW,CHEESEGRB,DAWNTIME,EVEREST,FOAMQEST,MEGAMOP,YAK KIDX
0,SLUG SQUAD,MUD MISCH,MOONHOUR,ION CORE,STARDUTY,ICEBOMB,FROGKNG
9,DUCK DIVZ,CHEESEGRB,SOLRSNAP,ATOMTOWN,CHEELUST,WNDWAND,YAK KIDX
4,COWCLAN X,HAT HUVL,TIDETURN,ATOMTOWN,TIMEGAIN,ICEBOMB,BUNYBRV
1,JAGUARJOE,EGGJSNCH,WNDWATCH,GALAGATE,CHEELUST,SPDSTICK,QUEENQQ
8,QUAIL Q,STARZWIP,DAWNTIME,JUPITER,CLDRNT,SPDSTICK,RATRGUE
6,QUAIL Q,SANDSWIPE,EARTHHR,PLUTYARD,FOAMQEST,BANANAZ,OWLBXNDT
9,ANT ARMY,NAPUNAB,MOONHOUR,MARSDUNE,SANDFEUD,MUDMISS,YAK KIDX
0,FOXFORCE,JOKEROB,NIGHTRUN,PLUTYARD,HIVE TAX,CHEEAXE,ANTKNIT
5,FOXFORCE,BONKBONK,NIGHTRUN,PLUTYARD,STARDUTY,MEGAMOP,GOATGAL J
7,ANT ARMY,SOUPSTL,MIDDAY,EVEREST,HIVE TAX,ICEBOMB,SLUGLORD
3,FROG FAM,LEAFLIFT,STAR TIME,LUNARPIT,CLDRNT,CHEEAXE,FROGKNG
0,FROG FAM,NAPUNAB,NIGHTRUN,GALAGATE,SNCKNEED,MEGAMOP,SLIMEBOT
6,WORM CREW,BUBTHEFT,SOLRSNAP,ION CORE,SALTTHST,CHEEAXE,MOSSMNK
1,WORM CREW,BARK X BG,WNDWATCH,ATOMTOWN,MOONDEBT,CHEEAXE,CRABDUD
8,GOAT GANG,SOUPSTL,TIDETURN,LUNARPIT,BREWQEST,CLDHAMR,MUNKMAN
2,FOXFORCE,SANDSWIPE,MOONHOUR,LUNARPIT,BREWQEST,SPDSTICK,BUNYBRV
7,BEE BROZ,JOKEROB,DAWNTIME,FOREST,CLDRNT,ICEBOMB,SLIMEBOT
6,MUDCREW,POLLHST,STAR TIME,DEEPPIT X,SALTTHST,CHEEAXE,RATRGUE
1,FROG FAM,MUD MISCH,MIDDAY,ION CORE,SNCKNEED,BANANAZ,BUNYBRV
7,SLUG SQUAD,NAPUNAB,TIDETURN,JUPITER,SALTTHST,FOAMGUN,QUEENQQ
2,COWCLAN X,SANDSWIPE,DAWNTIME,LUNARPIT,MOONDEBT,BANANAZ,CRABDUD
2,FROG FAM,NAPUNAB,MOONHOUR,GALAGATE,BUBGOAL,BANANAZ,BUNYBRV
2,WORM CREW,POLLHST,CLDCLOCK,ATOMTOWN,TIMEGAIN,BUBBLADE,BEARBARD
7,GOAT GANG,EGGJSNCH,SOLRSNAP,COMETCLF,BUBGOAL,FOAMGUN,FOXXX AD
2,ANT ARMY,BONKBONK,NIGHTRUN,FOREST,MOONDEBT,SPDSTICK,ANTKNIT
3,BEE BROZ,CLDCRIME,NOONRUSH,COMETCLF,TIMEGAIN,CHEEAXE,FROGKNG
7,SLUG SQUAD,BUBTHEFT,SHADE SHF,DEEPPIT X,TIMEGAIN,CLDHAMR,QUEENQQ
8,QUAIL Q,JOKEROB,COSMEVE,SAHARA,SNCKNEED,SNDSABER,ANTKNIT
0,GOAT GANG,NAPUNAB,COSMEVE,SPACE 99,SALTTHST,CHEEAXE,YAK KIDX
6,RATPACKX,HAT HUVL,DAWNTIME,ATOMTOWN,FOAMQEST,CHEEAXE,BEARBARD
7,MUDCREW,NAPUNAB,SHADE SHF,FOREST,SANDFEUD,CLDHAMR,SLIMEBOT
4,QUAIL Q,SANDSWIPE,MIDDAY,COMETCLF,STARDUTY,CHEEAXE,MOSSMNK
4,COWCLAN X,SOUPSTL,NIGHTRUN,ION CORE,HIVE TAX,NOODWHIP,DUCKUVON
7,RATPACKX,POLLHST,SUNRISE,COMETCLF,RAGEWHY,WNDWAND,BEARBARD
8,CRAB CREW,CLDCRIME,SHADE SHF,NOVANEST,RAGEWHY,ICEBOMB,FROGKNG
5,ANT ARMY,MUD MISCH,WNDWATCH,EVEREST,BREWQEST,STASLNG V,DUCKUVON
8,JAGUARJOE,STARZWIP,EARTHHR,FOREST,HIVE TAX,ICEBOMB,MUNKMAN
8,FROG FAM,HAT HUVL,EARTHHR,NOVANEST,MOONDEBT,NOODWHIP,MUNKMAN
0,FOXFORCE,CHEESEGRB,EARTHHR,MARSDUNE,TIMEGAIN,ICEBOMB,QUEENQQ
1,MOSS MOB,HAT HUVL,WNDWATCH,SPACE 99,FUN FUND,MUDMISS,SLIMEBOT
2,CRAB CREW,SANDSWIPE,CLDCLOCK,SPACE 99,FOAMQEST,STASLNG V,JOKER JO
6,WORM CREW,CHEESEGRB,TIDETURN,JUPITER,SALTTHST,SPDSTICK,RATRGUE
6,FOXFORCE,POLLHST,DUSKRUN,SAHARA,BREWQEST,GLOOPRAY,RATRGUE
5,CRAB CREW,EGGJSNCH,SHADE SHF,PLUTYARD,TIMEGAIN,NOODWHIP,CRABDUD
3,COWCLAN X,STARZWIP,NIGHTRUN,NOVANEST,HIVE TAX,ICEBOMB,FOXXX AD
7,GOAT GANG,NAPUNAB,STAR TIME,DEEPPIT X,BUBGOAL,STASLNG V,BEARBARD
9,GOAT GANG,STARZWIP,DUSKRUN,ATOMTOWN,FUN FUND,ICEBOMB,CRABDUD
3,MUDCREW,BONKBONK,NIGHTRUN,MARSDUNE,CHEELUST,GLOOPRAY,FOXXX AD
3,COWCLAN X,MUD MISCH,DUSKRUN,ATOMTOWN,FUN FUND,FOAMGUN,MUNKMAN
6,DUCK DIVZ,HAT HUVL,NOONRUSH,JUPITER,TIMEGAIN,CHEEAXE,BUNYBRV
9,MUDCREW,JOKEROB,WNDWATCH,EVEREST,SALTTHST,BUBBLADE,ANTKNIT
4,FOXFORCE,LEAFLIFT,EARTHHR,ATOMTOWN,BUBGOAL,LEAFLNC,QUEENQQ
2,OWL GANG,SANDSWIPE,DAWNTIME,NOVANEST,FUN FUND,LEAFLNC,MUNKMAN
9,BEE BROZ,SOUPSTL,COSMEVE,EVEREST,SALTTHST,CLDHAMR,SLIMEBOT
9,JAGUARJOE,BONKBONK,TIDETURN,GALAGATE,TURFPRID,MUDMISS,FROGKNG
7,GOAT GANG,HAT HUVL,COSMEVE,ION CORE,STARDUTY,CLDHAMR,ANTKNIT
6,CRAB CREW,LEAFLIFT,NIGHTRUN,GALAGATE,RAGEWHY,GLOOPRAY,JOKER JO
7,WORM CREW,BARK X BG,SHADE SHF,PACIFIC,SALTTHST,MEGAMOP,CRABDUD
0,WORM CREW,MUD MISCH,EARTHHR,SPACE 99,FUN FUND,FOAMGUN,BUNYBRV
3,ANT ARMY,CLDCRIME,MIDDAY,JUPITER,FOAMQEST,FOAMGUN,BUNYBRV
7,MUDCREW,POLLHST,NOONRUSH,MARSDUNE,RAGEWHY,LEAFLNC,SLIMEBOT
7,MUDCREW,STARZWIP,TIDETURN,SPACE 99,FOAMQEST,FOAMGUN,GOATGAL J
3,JAGUARJOE,NAPUNAB,SHADE SHF,ATOMTOWN,HIVE TAX,SPDSTICK,OWLBXNDT
9,BAT CREW,BARK X BG,DAWNTIME,ATOMTOWN,BREWQEST,NOODWHIP,YAK KIDX
0,BEE BROZ,CHEESEGRB,MOONHOUR,MARSDUNE,STARDUTY,ICEBOMB,MOSSMNK
9,OWL GANG,NAPUNAB,SHADE SHF,UNXDEZ,FOAMQEST,MUDMISS,MUNKMAN
2,MOSS MOB,STARZWIP,SUNRISE,EVEREST,SANDFEUD,WNDWAND,QUEENQQ
4,JAGUARJOE,SANDSWIPE,NOONRUSH,NOVANEST,STARDUTY,NOODWHIP,DUCKUVON
7,BAT CREW,MUD MISCH,NIGHTRUN,FOREST,CLDRNT,WNDWAND,FROGKNG
8,RATPACKX,EGGJSNCH,CLDCLOCK,MARSDUNE,STARDUTY,BANANAZ,DUCKUVON
4,SLUG SQUAD,POLLHST,NOONRUSH,SAHARA,TIMEGAIN,MUDMISS,SLUGLORD
5,DUCK DIVZ,HAT HUVL,EARTHHR,SPACE 99,RAGEWHY,NOODWHIP,SLUGLORD
7,RATPACKX,BONKBONK,STAR TIME,LUNARPIT,CHEELUST,BANANAZ,ANTKNIT
1,JAGUARJOE,SOUPSTL,SHADE SHF,ION CORE,BREWQEST,GLOOPRAY,YAK KIDX
8,QUAIL Q,MUD MISCH,TIDETURN,GALAGATE,SALTTHST,FOAMGUN,YAK KIDX
7,FROG FAM,BONKBONK,SUNRISE,LUNARPIT,FUN FUND,FOAMGUN,MUNKMAN
7,QUAIL Q,MUD MISCH,MIDDAY,GALAGATE,SALTTHST,STASLNG V,CRABDUD
0,SLUG SQUAD,JOKEROB,TIDETURN,ATOMTOWN,RAGEWHY,NOODWHIP,GOATGAL J
5,DUCK DIVZ,CLDCRIME,EARTHHR,PLUTYARD,FOAMQEST,GLOOPRAY,DUCKUVON
3,SLUG SQUAD,SANDSWIPE,NIGHTRUN,PLUTYARD,MOONDEBT,ICEBOMB,OWLBXNDT
9,FROG FAM,BARK X BG,DAWNTIME,UNXDEZ,SNCKNEED,SPDSTICK,BEARBARD
2,OWL GANG,BARK X BG,DUSKRUN,SPACE 99,SANDFEUD,WNDWAND,MUNKMAN
1,QUAIL Q,CHEESEGRB,NOONRUSH,NOVANEST,MOONDEBT,ICEBOMB,FOXXX AD
9,BAT CREW,BONKBONK,NOONRUSH,SAHARA,TURFPRID,SPDSTICK,MOSSMNK
1,GOAT GANG,JOKEROB,COSMEVE,SPACE 99,FUN FUND,MEGAMOP,ANTKNIT
6,RATPACKX,SOUPSTL,NOONRUSH,COMETCLF,TURFPRID,SNDSABER,SLUGLORD
1,WORM CREW,STARZWIP,SOLRSNAP,PLUTYARD,FOAMQEST,BANANAZ,SLIMEBOT
4,BEE BROZ,JOKEROB,DAWNTIME,COMETCLF,STARDUTY,LEAFLNC,BUNYBRV
9,DUCK DIVZ,BUBTHEFT,STAR TIME,SAHARA,SNCKNEED,NOODWHIP,YAK KIDX
5,QUAIL Q,MUD MISCH,NOONRUSH,EVEREST,FUN FUND,MEGAMOP,ANTKNIT
0,WORM CREW,LEAFLIFT,COSMEVE,JUPITER,HIVE TAX,BUBBLADE,ANTKNIT
2,MOSS MOB,STARZWIP,NIGHTRUN,JUPITER,BUBGOAL,MEGAMOP,YAK KIDX
2,QUAIL Q,POLLHST,MOONHOUR,ION CORE,TIMEGAIN,FOAMGUN,BUNYBRV
9,GOAT GANG,NAPUNAB,TIDETURN,GALAGATE,FOAMQEST,CHEEAXE,BUNYBRV
2,ANT ARMY,MUD MISCH,DAWNTIME,COMETCLF,FOAMQEST,MEGAMOP,CRABDUD
9,GOAT GANG,SANDSWIPE,COSMEVE,PLUTYARD,BUBGOAL,MUDMISS,BUNYBRV
7,DUCK DIVZ,CHEESEGRB,DAWNTIME,DEEPPIT X,FUN FUND,SNDSABER,SLUGLORD
3,QUAIL Q,HAT HUVL,CLDCLOCK,UNXDEZ,TIMEGAIN,WNDWAND,FROGKNG
7,RATPACKX,CLDCRIME,CLDCLOCK,DEEPPIT X,STARDUTY,CLDHAMR,JOKER JO
1,COWCLAN X,CLDCRIME,DAWNTIME,EVEREST,CLDRNT,LEAFLNC,OWLBXNDT
